<?xml version = '1.0' encoding = 'UTF-8'?>

<dataTemplate name="XXUPHRPDS" description="UP HR PDS" defaultPackage="" Version="1.0">



<!--<properties>
            <property name="include_parameters" value="true" />
            <property name="xml_tag_case" value="upper" />
            <property name="db_fetch_size" value="500" />
            <property name="scalable_mode" value="true" />
            <property name="include_rowsettag" value="false" />
            <property name="debug_mode" value="off" />
</properties>
-->
<parameters>
   <parameter name="P_EMPLOYEE_ID" dataType="character" />
   
  
</parameters>


<dataQuery>


<sqlStatement name="Q_PERSONAL_INFO">
<![CDATA[
    
SELECT employee_number emp_no,
       last_name,
       first_name,
       middle_names,
       NVL (suffix, 'N/A') suffix,
       TO_CHAR (date_of_birth, 'MM/DD/YYYY') date_of_birth,
       town_of_birth place_of_birth,
       sex,
       (SELECT description
          FROM fnd_lookup_values
         WHERE lookup_type = 'MAR_STATUS' AND lookup_code = marital_status)
          marital_status,
       NATIONALITY,
       (SELECT pac.segment1
          FROM per_analysis_criteria pac, per_person_analyses ppa
         WHERE     pac.analysis_criteria_id = ppa.analysis_criteria_id
               AND PPA.ID_FLEX_NUM =
                      (SELECT ID_FLEX_NUM
                         FROM FND_ID_FLEX_STRUCTURES_V
                        WHERE ID_FLEX_STRUCTURE_NAME =
                                 'Physical Characteristics')
               AND ppa.person_id = papf.person_id)
          height,
       (SELECT pac.segment2
          FROM per_analysis_criteria pac, per_person_analyses ppa
         WHERE     pac.analysis_criteria_id = ppa.analysis_criteria_id
               AND PPA.ID_FLEX_NUM =
                      (SELECT ID_FLEX_NUM
                         FROM FND_ID_FLEX_STRUCTURES_V
                        WHERE ID_FLEX_STRUCTURE_NAME =
                                 'Physical Characteristics')
               AND ppa.person_id = papf.person_id)
          weight,
       (SELECT meaning
          FROM fnd_lookup_values
         WHERE lookup_type = 'BLOOD_TYPE' AND lookup_code = papf.blood_type)
          blood_type,
       NVL (
          (SELECT tin.aei_information3
             FROM per_assignment_extra_info tin, per_all_assignments_f paaf
            WHERE     tin.information_type = 'PPH_TAX_EMPLOYEE_INFO'
                  AND tin.assignment_id = paaf.assignment_id
                  AND papf.person_id = paaf.person_id
                  AND ROWNUM = 1),
          'Missing')
          TIN,
       NVL (
          (SELECT GSIS.aei_information3
             FROM per_assignment_extra_info gsis, per_all_assignments_f paaf
            WHERE     GSIS.information_type = 'PPH_GSIS_EMPLOYEE_INFO'
                  AND GSIS.assignment_id = paaf.assignment_id
                  AND papf.person_id = paaf.person_id
                  AND ROWNUM = 1),
          'Missing')
          GSIS,
       NVL (
          (SELECT HDMF.aei_information3
             FROM per_assignment_extra_info HDMF, per_all_assignments_f paaf
            WHERE     HDMF.information_type = 'PPH_HDMF_EMPLOYEE_INFO'
                  AND HDMF.assignment_id = paaf.assignment_id
                  AND papf.person_id = paaf.person_id
                  AND ROWNUM = 1),
          'Missing')
          HDMF,
       NVL (
          (SELECT PH.aei_information3
             FROM per_assignment_extra_info PH, per_all_assignments_f paaf
            WHERE     PH.information_type = 'PPH_PHILHEALTH_EMPLOYEE_INFO'
                  AND PH.assignment_id = paaf.assignment_id
                  AND papf.person_id = paaf.person_id
                  AND ROWNUM = 1),
          'Missing')
          PH,
       NVL (
          (SELECT SSS.aei_information3
             FROM per_assignment_extra_info SSS, per_all_assignments_f paaf
            WHERE     SSS.information_type = 'PPH_SSS_EMPLOYEE_INFO'
                  AND SSS.assignment_id = paaf.assignment_id
                  AND papf.person_id = paaf.person_id
                  AND ROWNUM = 1),
          'Missing')
          SSS                                              --permanent address
             ,
       (SELECT address_line1
          FROM per_addresses addr
         WHERE     addr.person_id = papf.person_id
               AND SYSDATE BETWEEN date_from
                               AND NVL (
                                      date_to,
                                      TO_DATE ('31-DEC-4712', 'DD-MON-YYYY'))
               AND address_type = 'UP_PERM')
          p_add_house,
       (SELECT address_line2
          FROM per_addresses addr
         WHERE     addr.person_id = papf.person_id
               AND SYSDATE BETWEEN date_from
                               AND NVL (
                                      date_to,
                                      TO_DATE ('31-DEC-4712', 'DD-MON-YYYY'))
               AND address_type = 'UP_PERM')
          p_add_street,
       (SELECT address_line3
          FROM per_addresses addr
         WHERE     addr.person_id = papf.person_id
               AND SYSDATE BETWEEN date_from
                               AND NVL (
                                      date_to,
                                      TO_DATE ('31-DEC-4712', 'DD-MON-YYYY'))
               AND address_type = 'UP_PERM')
          p_add_subdivision,
       (SELECT ADD_INFORMATION13
          FROM per_addresses addr
         WHERE     addr.person_id = papf.person_id
               AND SYSDATE BETWEEN date_from
                               AND NVL (
                                      date_to,
                                      TO_DATE ('31-DEC-4712', 'DD-MON-YYYY'))
               AND address_type = 'UP_PERM')
          p_add_barangay,
       (SELECT town_or_city
          FROM per_addresses addr
         WHERE     addr.person_id = papf.person_id
               AND SYSDATE BETWEEN date_from
                               AND NVL (
                                      date_to,
                                      TO_DATE ('31-DEC-4712', 'DD-MON-YYYY'))
               AND address_type = 'UP_PERM')
          p_add_city,
       (SELECT region_1
          FROM per_addresses addr
         WHERE     addr.person_id = papf.person_id
               AND SYSDATE BETWEEN date_from
                               AND NVL (
                                      date_to,
                                      TO_DATE ('31-DEC-4712', 'DD-MON-YYYY'))
               AND address_type = 'UP_PERM')
          p_add_province,
       (SELECT postal_code
          FROM per_addresses addr
         WHERE     addr.person_id = papf.person_id
               AND SYSDATE BETWEEN date_from
                               AND NVL (
                                      date_to,
                                      TO_DATE ('31-DEC-4712', 'DD-MON-YYYY'))
               AND address_type = 'UP_PERM')
          p_zip_code                                     --residential address
                    ,
       (SELECT address_line1
          FROM per_addresses addr
         WHERE     addr.person_id = papf.person_id
               AND SYSDATE BETWEEN date_from
                               AND NVL (
                                      date_to,
                                      TO_DATE ('31-DEC-4712', 'DD-MON-YYYY'))
               AND address_type = 'UP_RES')
          r_add_house,
       (SELECT address_line2
          FROM per_addresses addr
         WHERE     addr.person_id = papf.person_id
               AND SYSDATE BETWEEN date_from
                               AND NVL (
                                      date_to,
                                      TO_DATE ('31-DEC-4712', 'DD-MON-YYYY'))
               AND address_type = 'UP_RES')
          r_add_street,
       (SELECT address_line3
          FROM per_addresses addr
         WHERE     addr.person_id = papf.person_id
               AND SYSDATE BETWEEN date_from
                               AND NVL (
                                      date_to,
                                      TO_DATE ('31-DEC-4712', 'DD-MON-YYYY'))
               AND address_type = 'UP_RES')
          r_add_subdivision,
       (SELECT ADD_INFORMATION13
          FROM per_addresses addr
         WHERE     addr.person_id = papf.person_id
               AND SYSDATE BETWEEN date_from
                               AND NVL (
                                      date_to,
                                      TO_DATE ('31-DEC-4712', 'DD-MON-YYYY'))
               AND address_type = 'UP_RES')
          r_add_barangay,
       (SELECT town_or_city
          FROM per_addresses addr
         WHERE     addr.person_id = papf.person_id
               AND SYSDATE BETWEEN date_from
                               AND NVL (
                                      date_to,
                                      TO_DATE ('31-DEC-4712', 'DD-MON-YYYY'))
               AND address_type = 'UP_RES')
          r_add_city,
       (SELECT region_1
          FROM per_addresses addr
         WHERE     addr.person_id = papf.person_id
               AND SYSDATE BETWEEN date_from
                               AND NVL (
                                      date_to,
                                      TO_DATE ('31-DEC-4712', 'DD-MON-YYYY'))
               AND address_type = 'UP_RES')
          r_add_province,
       (SELECT postal_code
          FROM per_addresses addr
         WHERE     addr.person_id = papf.person_id
               AND SYSDATE BETWEEN date_from
                               AND NVL (
                                      date_to,
                                      TO_DATE ('31-DEC-4712', 'DD-MON-YYYY'))
               AND address_type = 'UP_RES')
          r_zip_code,
       (SELECT phone_number
          FROM per_phones
         WHERE parent_id = papf.person_id AND phone_type = 'H1')
          tel_no,
       (SELECT phone_number
          FROM per_phones
         WHERE parent_id = papf.person_id AND phone_type = 'M')
          mobile,
       email_address email_ad,
	   attribute1 AGENCY_EMP_NO
  FROM hr.per_all_people_f papf
 WHERE     SYSDATE BETWEEN papf.effective_start_date
                       AND papf.effective_end_date
       AND person_type_id = 1126
       AND person_id = :P_EMPLOYEE_ID
]]>

</sqlStatement>

<sqlStatement name="Q_SPOUSE_INFO">
<![CDATA[
  SELECT NVL (spouse.last_name, 'N.A.') SPOUSE_LAST_NAME,
       NVL (spouse.first_name, 'N.A.') SPOUSE_FIRST_NAME,
       NVL (spouse.middle_names, 'N.A.') SPOUSE_MIDDLE_NAME,
       NVL (
          (SELECT CEI_INFORMATION1
             FROM PER_CONTACT_EXTRA_INFO_F pcei,
                  PER_CONTACT_RELATIONSHIPS pcr
            WHERE     pcei.contact_relationship_id =
                         pcr.contact_relationship_id
                  AND pcr.CONTACT_TYPE = 'S'
                  AND pcr.PERSON_ID = papf.person_id
                  AND pcei.effective_start_date =
                         (SELECT MAX (pcei_1.effective_start_date)
                            FROM PER_CONTACT_EXTRA_INFO_F pcei_1
                           WHERE pcei_1.contact_relationship_id =
                                    pcr.contact_relationship_id)
                  AND information_type = 'UP_CONTACT_EMPLOY_INFO'),
          'N.A.')
          SPOUSE_OCCUPATION,
          NVL (
             (SELECT CEI_INFORMATION2 SPOUSE_OFFICE
                FROM PER_CONTACT_EXTRA_INFO_F pcei,
                     PER_CONTACT_RELATIONSHIPS pcr
               WHERE     pcei.contact_relationship_id =
                            pcr.contact_relationship_id
                     AND pcr.CONTACT_TYPE = 'S'
                     AND pcr.PERSON_ID = papf.person_id
                     AND pcei.effective_start_date =
                            (SELECT MAX (pcei_1.effective_start_date)
                               FROM PER_CONTACT_EXTRA_INFO_F pcei_1
                              WHERE pcei_1.contact_relationship_id =
                                       pcr.contact_relationship_id)
                     AND information_type = 'UP_CONTACT_EMPLOY_INFO'),
             'N.A.')
       || '/'
       || NVL (
             (SELECT CEI_INFORMATION3
                FROM PER_CONTACT_EXTRA_INFO_F pcei,
                     PER_CONTACT_RELATIONSHIPS pcr
               WHERE     pcei.contact_relationship_id =
                            pcr.contact_relationship_id
                     AND pcr.CONTACT_TYPE = 'S'
                     AND pcr.PERSON_ID = papf.person_id
                     AND pcei.effective_start_date =
                            (SELECT MAX (pcei_1.effective_start_date)
                               FROM PER_CONTACT_EXTRA_INFO_F pcei_1
                              WHERE pcei_1.contact_relationship_id =
                                       pcr.contact_relationship_id)
                     AND information_type = 'UP_CONTACT_EMPLOY_INFO'),
             'N.A.')
          SPOUSE_EMPL_BUS_NAME,
       NVL (
          (SELECT CEI_INFORMATION4
             FROM PER_CONTACT_EXTRA_INFO_F pcei,
                  PER_CONTACT_RELATIONSHIPS pcr
            WHERE     pcei.contact_relationship_id =
                         pcr.contact_relationship_id
                  AND pcr.CONTACT_TYPE = 'S'
                  AND pcr.PERSON_ID = papf.person_id
                  AND pcei.effective_start_date =
                         (SELECT MAX (pcei_1.effective_start_date)
                            FROM PER_CONTACT_EXTRA_INFO_F pcei_1
                           WHERE pcei_1.contact_relationship_id =
                                    pcr.contact_relationship_id)
                  AND information_type = 'UP_CONTACT_EMPLOY_INFO'),
          'N.A.')
          SPOUSE_TEL_NO
  FROM hr.per_all_people_f papf,
       (SELECT last_name,
               first_name,
               middle_names,
               'NAME EXTENSION (JR., SR)' || CHR (13) || suffix AS suffix,
               pcr.person_id
          FROM per_contact_relationships pcr, per_people_f ppf
         --,per_addresses addr --WDGASIS - 04202017
         WHERE     pcr.contact_type = 'S'                        --Spouse only
               AND ppf.person_id = pcr.contact_person_id
               AND SYSDATE BETWEEN ppf.effective_start_date
                               AND ppf.effective_end_date) spouse
 WHERE     SYSDATE BETWEEN papf.effective_start_date
                       AND papf.effective_end_date
       AND spouse.person_id = papf.person_id
       AND person_type_id = 1126
       AND papf.person_id = :P_EMPLOYEE_ID
  
]]>

</sqlStatement>

<sqlStatement name="Q_FATHER_INFO">
<![CDATA[
  SELECT NVL (father.last_name, 'N.A.') FATHER_LAST_NAME,
       NVL (father.first_name, 'N.A.') FATHER_FIRST_NAME,
       NVL (father.middle_names, 'N.A.') FATHER_MIDDLE_NAME
  FROM hr.per_all_people_f papf,
       (SELECT last_name,
               first_name,
               middle_names,
               'NAME EXTENSION (JR., SR)' || CHR (13) || suffix AS suffix,
               pcr.person_id
          FROM per_contact_relationships pcr, per_people_f ppf
         WHERE     pcr.contact_type = 'JP_FT'
               AND ppf.person_id = pcr.contact_person_id
               AND SYSDATE BETWEEN ppf.effective_start_date
                               AND ppf.effective_end_date) father
 WHERE     SYSDATE BETWEEN papf.effective_start_date
                       AND papf.effective_end_date
       AND father.person_id = papf.person_id
       AND person_type_id = 1126
       AND papf.person_id = :P_EMPLOYEE_ID
       

]]>

</sqlStatement>


<sqlStatement name="Q_MOTHER_INFO">
<![CDATA[
  SELECT NVL (mother.last_name, 'N.A.') MOTHER_LAST_NAME,
       NVL (mother.first_name, 'N.A.') MOTHER_FIRST_NAME,
       NVL (mother.middle_names, 'N.A.') MOTHER_MIDDLE_NAME,
       TRIM (
          NVL (
                mother.first_name
             || ' '
             || mother.mother_maiden_middle_name
             || ' '
             || mother.middle_names,
             'N.A.'))
          mother_maiden_name
  FROM hr.per_all_people_f papf,
       (SELECT last_name,
               first_name,
               middle_names,
               'NAME EXTENSION (JR., SR)' || CHR (13) || suffix AS suffix,
               pcr.person_id,
               (SELECT CEI_INFORMATION1
                  FROM PER_CONTACT_EXTRA_INFO_F pcei,
                       PER_CONTACT_RELATIONSHIPS pcr
                 WHERE     pcei.contact_relationship_id =
                              pcr.contact_relationship_id
                       AND pcr.CONTACT_TYPE = 'JP_MT'
                       AND pcei.effective_start_date =
                              (SELECT MAX (pcei_1.effective_start_date)
                                 FROM PER_CONTACT_EXTRA_INFO_F pcei_1
                                WHERE pcei_1.contact_relationship_id =
                                         pcr.contact_relationship_id)
                       AND information_type = 'UP_CONTACT_MOTHER_MID_NAME')
                  mother_maiden_middle_name
          FROM per_contact_relationships pcr, per_people_f ppf
         WHERE     pcr.contact_type = 'JP_MT'
               AND ppf.person_id = pcr.contact_person_id
               AND SYSDATE BETWEEN ppf.effective_start_date
                               AND ppf.effective_end_date) mother
 WHERE     SYSDATE BETWEEN papf.effective_start_date
                       AND papf.effective_end_date
       AND mother.person_id = papf.person_id
       AND person_type_id = 1126
       AND papf.person_id = :P_EMPLOYEE_ID

]]>

</sqlStatement>

<sqlStatement name="Q_CHILD_1">
<![CDATA[

SELECT first_name || ' ' || last_name child_name, 
       TO_CHAR(date_of_birth,'MM/DD/YYYY') child_bd
  FROM per_contact_relationships pcr, per_people_f ppf
 WHERE     pcr.contact_type = 'C'
       AND ppf.person_id = pcr.contact_person_id
       AND SYSDATE BETWEEN ppf.effective_start_date
                       AND ppf.effective_end_date
       AND pcr.person_id = :P_EMPLOYEE_ID
                        ORDER BY 2 DESC

]]>

</sqlStatement>




<sqlStatement name="Q_EDUC_BG">
<![CDATA[
    SELECT DECODE (pqv.name,
                 'Primary/Elementary', 'ELEMENTARY',
                 'Secondary/High School', 'SECONDARY',
                 'College/Bachelor', 'COLLEGE',
                 'Master''s Degree', 'GRADUATE STUDIES',
                 'Vocational/Trade Course', 'Vocational/Trade Course',
                 pqv.name)
            ELEVEL,
         LISTAGG (pqv.establishment, CHR (13))
            WITHIN GROUP (ORDER BY pea.attended_start_date)
            SCHOOL_NAME,
         pqv.title DEGREE_COURSE,
         pqv.qua_information4 YEAR_GRADUATED,
         pqv.qua_information1 HIGHEST_GRADE,
         LISTAGG (TO_CHAR (pea.attended_start_date, 'MM/DD/YYYY'), CHR (13))
            WITHIN GROUP (ORDER BY pea.attended_start_date)
            START_DATE,
         LISTAGG (TO_CHAR (pea.attended_end_date, 'MM/DD/YYYY'), CHR (13))
            WITHIN GROUP (ORDER BY pea.attended_start_date)
            END_DATE,
         pqv.qua_information2 SCHOLAR_OR_ACD_HONOR
    FROM hr.per_all_people_f papf,
         per_establishment_attendances pea,
         per_qualifications_v pqv
   WHERE     pqv.person_id = papf.person_id
         AND pea.attendance_id = pqv.attendance_id
         -- AND pqv.name = 'Master''s Degree'
         AND SYSDATE BETWEEN papf.effective_start_date
                         AND papf.effective_end_date
         AND person_type_id = 1126
         AND papf.person_id = :P_EMPLOYEE_ID
GROUP BY pqv.title,
         pqv.qua_information1,
         pqv.qua_information2,
         pqv.qua_information4,
         pqv.name
ORDER BY start_date DESC
]]>

</sqlStatement>

<sqlStatement name="Q_REFERENCE">

<![CDATA[SELECT SEGMENT1 REF_NAME, 
       SEGMENT2 REF_ADDRESS, 
       SEGMENT3 REF_TEL_NO
  FROM per_analysis_criteria pac, per_person_analyses ppa
 WHERE     pac.analysis_criteria_id = ppa.analysis_criteria_id
       AND PPA.ID_FLEX_NUM =
              (SELECT ID_FLEX_NUM
                 FROM FND_ID_FLEX_STRUCTURES_V
                WHERE ID_FLEX_STRUCTURE_NAME = 'Character Reference')
       AND ppa.person_id =:P_EMPLOYEE_ID
]]>

</sqlStatement>


<sqlStatement name="Q_VOLUNTARY_WORK">

<![CDATA[
SELECT SEGMENT1 || ',' || SEGMENT6 VOL_NAAME_ADDR,
	   TO_CHAR(TO_DATE(SEGMENT2,'YYYY/MM/DD HH24:MI:SS'),'MM/DD/YYYY') VOL_FROM,
       TO_CHAR(TO_DATE(SEGMENT3,'YYYY/MM/DD HH24:MI:SS'),'MM/DD/YYYY') VOL_TO,
       SEGMENT4 VOL_NO_HOURS,
       SEGMENT5 VOL_POSITION
  FROM per_analysis_criteria pac, per_person_analyses ppa
 WHERE     pac.analysis_criteria_id = ppa.analysis_criteria_id
       AND PPA.ID_FLEX_NUM =
              (SELECT ID_FLEX_NUM
                 FROM FND_ID_FLEX_STRUCTURES_V
                WHERE ID_FLEX_STRUCTURE_NAME = 'Voluntary Work')
       AND ppa.person_id = :P_EMPLOYEE_ID
]]>



</sqlStatement>

<sqlStatement name="Q_SKILLS_HOBBIES">

<![CDATA[
SELECT segment1 SKILLS_HOBBIES
  FROM per_analysis_criteria pac, per_person_analyses ppa
 WHERE     pac.analysis_criteria_id = ppa.analysis_criteria_id
       AND PPA.ID_FLEX_NUM =
              (SELECT ID_FLEX_NUM
                 FROM FND_ID_FLEX_STRUCTURES_V
                WHERE ID_FLEX_STRUCTURE_NAME = 'Special Skills/Hobbies')
       AND ppa.person_id = :P_EMPLOYEE_ID
]]>

</sqlStatement>


<sqlStatement name="Q_NON_ACADEMIC_RECOGNITION">

<![CDATA[
SELECT segment1 NON_ACADEMIC_RECOGNITION
  FROM per_analysis_criteria pac, per_person_analyses ppa
 WHERE     pac.analysis_criteria_id = ppa.analysis_criteria_id
       AND PPA.ID_FLEX_NUM =
              (SELECT ID_FLEX_NUM
                 FROM FND_ID_FLEX_STRUCTURES_V
                WHERE ID_FLEX_STRUCTURE_NAME =
                         'Non Academic Distinction/Recog')
       AND ppa.person_id = :P_EMPLOYEE_ID
]]>

</sqlStatement>

<sqlStatement name="Q_MEMBERSHIPS">

<![CDATA[
SELECT SEGMENT1 MEMBERSHIPS
  FROM per_analysis_criteria pac, per_person_analyses ppa
 WHERE     pac.analysis_criteria_id = ppa.analysis_criteria_id
       AND PPA.ID_FLEX_NUM =
              (SELECT ID_FLEX_NUM
                 FROM FND_ID_FLEX_STRUCTURES_V
                WHERE ID_FLEX_STRUCTURE_NAME =
                         'Membership in Association/Org')
       AND ppa.person_id = :P_EMPLOYEE_ID
]]>

</sqlStatement>


<sqlStatement name="Q_WORK_EXPERIENCE">

<![CDATA[
SELECT TO_CHAR(asg.EFFECTIVE_START_DATE,'MM/DD/YYYY') WORK_FROM,
         TO_CHAR(asg.EFFECTIVE_END_DATE,'MM/DD/YYYY') WORK_TO,
         hapf.NAME WORK_POSITION,
         haou.NAME WORK_COMPANY,
         PPP.PROPOSED_SALARY_N WORK_SALARY,
         peg.name WORK_GRADE,
         DECODE (ASG.EMPLOYMENT_CATEGORY,
                 'UP_PER', 'FT Permanent',
                 'UP_TEMP', 'FT Temporary',
                 'UP_PT_TEMP', 'PT Temporary',
                 ASG.EMPLOYMENT_CATEGORY)
            WORK_STATUS_APPOINTMENT
    FROM per_all_people_f papf,
         per_all_assignments_f asg,
         PER_GRADES peg,
         per_pay_proposals ppp,
         hr_all_positions_f hapf,
         hr_all_organization_units haou
   WHERE     papf.person_id = asg.person_id(+)
         AND SYSDATE BETWEEN papf.effective_start_date
                         AND papf.effective_end_date
         AND SYSDATE BETWEEN asg.effective_start_date
                         AND asg.effective_end_date
         AND asg.position_id = hapf.position_id(+)
         AND asg.grade_id = peg.grade_id(+)
         AND ASG.ASSIGNMENT_ID = PPP.ASSIGNMENT_ID(+)
         AND haou.organization_id = asg.organization_id
         AND papf.person_id = :P_EMPLOYEE_ID
ORDER BY asg.EFFECTIVE_START_DATE
]]>

</sqlStatement>


</dataQuery>


<dataStructure>

  <group name="G_PERSONAL_INFO" source="Q_PERSONAL_INFO">
   
      
      <element name="LAST_NAME" value="LAST_NAME" />
      <element name="FIRST_NAME" value="FIRST_NAME" />
      <element name="MIDDLE_NAME" value="MIDDLE_NAMES" />
      <element name="SUFFIX" value="SUFFIX" />
      <element name="DATE_OF_BIRTH" value="DATE_OF_BIRTH" />
      <element name="PLACE_OF_BIRTH" value="PLACE_OF_BIRTH" />
      <element name="SEX" value="SEX" />
      <element name="MARITAL_STATUS" value="MARITAL_STATUS" />
	  <element name="NATIONALITY" value="NATIONALITY" />
      <element name="HEIGHT" value="HEIGHT" />
      <element name="WEIGHT" value="WEIGHT" />
      <element name="BLOOD_TYPE" value="BLOOD_TYPE" />
      <element name="GSIS" value="GSIS" />
      <element name="SSS" value="SSS" />
      <element name="HDMF" value="HDMF" />
      <element name="TIN" value="TIN" />
      <element name="PH" value="PH" />
      <element name="P_ADD_HOUSE" value="P_ADD_HOUSE" />
      <element name="P_ADD_STREET" value="P_ADD_STREET" />
      <element name="P_ADD_SUBDIVISION" value="P_ADD_SUBDIVISION" />
      <element name="P_ADD_BARANGAY" value="P_ADD_BARANGAY" />
      <element name="P_ADD_CITY" value="P_ADD_CITY" />
      <element name="P_ADD_PROVINCE" value="P_ADD_PROVINCE" />
      <element name="p_zip_code" value="p_zip_code" />
      <element name="R_ADD_HOUSE" value="R_ADD_HOUSE" />
      <element name="R_ADD_STREET" value="R_ADD_STREET" />
      <element name="R_ADD_SUBDIVISION" value="R_ADD_SUBDIVISION" />
      <element name="R_ADD_BARANGAY" value="R_ADD_BARANGAY" />
      <element name="R_ADD_CITY" value="R_ADD_CITY" />
      <element name="R_ADD_PROVINCE" value="R_ADD_PROVINCE" />
      <element name="R_ADD_ZIP_CODE" value="R_ADD_ZIP_CODE" />
      <element name="TEL_NO" value="TEL_NO" />
      <element name="MOBILE" value="MOBILE" />
      <element name="EMAIL_AD" value="EMAIL_AD" />
	  <element name="AGENCY_EMP_NO" value="AGENCY_EMP_NO" />
	  

   </group>

   <group name="G_SPOUSE_INFO" source="Q_SPOUSE_INFO">
      <element name="SPOUSE_LAST_NAME" value="SPOUSE_LAST_NAME" />
      <element name="SPOUSE_FIRST_NAME" value="SPOUSE_FIRST_NAME" />
      <element name="SPOUSE_MIDDLE_NAME" value="SPOUSE_MIDDLE_NAME" /> 
      <element name="SPOUSE_EMPL_BUS_NAME" value="SPOUSE_EMPL_BUS_NAME" /> 
      <element name="SPOUSE_OCCUPATION" value="SPOUSE_OCCUPATION" /> 
      <element name="SPOUSE_TEL_NO" value="SPOUSE_TEL_NO" /> 

   </group>    

   <group name="G_FATHER_INFO" source="Q_FATHER_INFO">
      <element name="FATHER_LAST_NAME" value="FATHER_LAST_NAME" />
      <element name="FATHER_FIRST_NAME" value="FATHER_FIRST_NAME" />
      <element name="FATHER_MIDDLE_NAME" value="FATHER_MIDDLE_NAME" /> 
       
   </group>


   <group name="G_MOTHER_INFO" source="Q_MOTHER_INFO">
      <element name="MOTHER_LAST_NAME" value="MOTHER_LAST_NAME" />
      <element name="MOTHER_FIRST_NAME" value="MOTHER_FIRST_NAME" />
      <element name="MOTHER_MIDDLE_NAME" value="MOTHER_MIDDLE_NAME" /> 
      <element name="MOTHER_MAIDEN_NAME" value="MOTHER_MAIDEN_NAME" /> 
   </group>

   
  <group name="G_CHILD" source="Q_CHILD_1">
      <element name="CHILD_NAME" value="CHILD_NAME" />
      <element name="CHILD_BD" value="CHILD_BD" />

  </group>


   <group name="G_EDUC_BG" source="Q_EDUC_BG">
      <element name="ELEVEL" value="ELEVEL" />
	  <element name="SCHOOL_NAME" value="SCHOOL_NAME" />
      <element name="DEGREE_COURSE" value="DEGREE_COURSE" />
      <element name="YEAR_GRADUATED" value="YEAR_GRADUATED" /> 
      <element name="HIGHEST_GRADE" value="HIGHEST_GRADE" />
      <element name="START_DATE" value="START_DATE" />
      <element name="END_DATE" value="END_DATE" />
      <element name="SCHOLAR_OR_ACD_HONOR" value="SCHOLAR_OR_ACD_HONOR" />

      
   </group>

    <group name="G_REFERENCE" source="Q_REFERENCE">
	  <element name="REF_NAME" value="REF_NAME"/>
	  <element name="REF_ADDRESS" value="REF_ADDRESS"/>
	  <element name="REF_TEL_NO" value="REF_TEL_NO"/>
	</group>

	<group name="G_VOLUNTARY_WORK" source="Q_VOLUNTARY_WORK">
	  <element name="VOL_NAAME_ADDR" value="VOL_NAAME_ADDR"/>
	  <element name="VOL_FROM" value="VOL_FROM"/>
	  <element name="VOL_TO" value="VOL_TO"/>
	  <element name="VOL_NO_HOURS" value="VOL_NO_HOURS"/>
	  <element name="VOL_POSITION" value="VOL_POSITION"/>
	</group>
	
	<group name="G_SKILLS_HOBBIES" source="Q_SKILLS_HOBBIES">
	  <element name="SKILLS_HOBBIES" value="SKILLS_HOBBIES"/>
	
	</group>
	
	<group name="G_NON_ACADEMIC_RECOGNITION" source="Q_NON_ACADEMIC_RECOGNITION">
	  <element name="NON_ACADEMIC_RECOGNITION" value="NON_ACADEMIC_RECOGNITION"/>
	
	</group>
	
	<group name="G_MEMBERSHIPS" source="Q_MEMBERSHIPS">
	  <element name="MEMBERSHIPS" value="MEMBERSHIPS"/>
	
	</group>
	
	<group name="G_WORK_EXPERIENCE" source="Q_WORK_EXPERIENCE">
		<element name="WORK_FROM" value="WORK_FROM"/>
		<element name="WORK_TO" value="WORK_TO"/>
		<element name="WORK_POSITION" value="WORK_POSITION"/>
		<element name="WORK_COMPANY" value="WORK_COMPANY"/>
		<element name="WORK_SALARY" value="WORK_SALARY"/>
		<element name="WORK_GRADE" value="WORK_GRADE"/>
		<element name="WORK_STATUS_APPOINTMENT" value ="WORK_STATUS_APPOINTMENT"/>
	
	</group>
	
</dataStructure>


</dataTemplate>






  