<?xml version="1.0" encoding="utf-8"?>
<DATA_DS>
	<G_D>
		<DEPTNO>10</DEPTNO>
		<DNAME>ACCOUNTING</DNAME>
		<G_E>
			<ENAME>CLARK</ENAME>
			<JOB>MANAGER</JOB>
			<EMPCNT>2450</EMPCNT>
		</G_E>
		<G_E>
			<ENAME>MILLER</ENAME>
			<JOB>CLERK</JOB>
			<EMPCNT>1300</EMPCNT>
		</G_E>
		<G_E>
			<ENAME>KING</ENAME>
			<JOB>PRESIDENT</JOB>
			<EMPCNT>5000</EMPCNT>
		</G_E>
	</G_D>
	<G_D>
		<DEPTNO>20</DEPTNO>
		<DNAME>RESEARCH</DNAME>
		<G_E>
			<ENAME>JONES</ENAME>
			<JOB>MANAGER</JOB>
			<EMPCNT>2975</EMPCNT>
		</G_E>
		<G_E>
			<ENAME>SMITH</ENAME>
			<JOB>CLERK</JOB>
			<EMPCNT>800</EMPCNT>
		</G_E>
		<G_E>
			<ENAME>SCOTT</ENAME>
			<JOB>ANALYST</JOB>
			<EMPCNT>3000</EMPCNT>
		</G_E>
		<G_E>
			<ENAME>FORD</ENAME>
			<JOB>ANALYST</JOB>
			<EMPCNT>3000</EMPCNT>
		</G_E>
		<G_E>
			<ENAME>ADAMS</ENAME>
			<JOB>CLERK</JOB>
			<EMPCNT>1100</EMPCNT>
		</G_E>
	</G_D>
	<G_D>
		<DEPTNO>30</DEPTNO>
		<DNAME>EMPCNTES</DNAME>
		<G_E>
			<ENAME>WARD</ENAME>
			<JOB>EMPCNTESMAN</JOB>
			<EMPCNT>1250</EMPCNT>
		</G_E>
		<G_E>
			<ENAME>TURNER</ENAME>
			<JOB>EMPCNTESMAN</JOB>
			<EMPCNT>1500</EMPCNT>
		</G_E>
		<G_E>
			<ENAME>ALLEN</ENAME>
			<JOB>EMPCNTESMAN</JOB>
			<EMPCNT>1600</EMPCNT>
		</G_E>
		<G_E>
			<ENAME>JAMES</ENAME>
			<JOB>CLERK</JOB>
			<EMPCNT>950</EMPCNT>
		</G_E>
		<G_E>
			<ENAME>MARTIN</ENAME>
			<JOB>EMPCNTESMAN</JOB>
			<EMPCNT>1250</EMPCNT>
		</G_E>
		<G_E>
			<ENAME>BLAKE</ENAME>
			<JOB>MANAGER</JOB>
			<EMPCNT>2850</EMPCNT>
		</G_E>
	</G_D>
	<G_D>
		<DEPTNO>40</DEPTNO>
		<DNAME>OPERATIONS</DNAME>
		<G_E>
			<ENAME/>
			<JOB/>
			<EMPCNT/>
		</G_E>
	</G_D>
</DATA_DS>
