<?xml version="1.0" encoding="UTF-8"?>
<XXUPHRPSINST>
<P_EMPLOYEE_ID>31532</P_EMPLOYEE_ID>
<LIST_G_MAIN>
<G_MAIN>
<SEQUENCE_NO>1647</SEQUENCE_NO>
<CU>UP System</CU>
<PROJECT_NAME>New proj</PROJECT_NAME>
<PROJECT_LEADER>Gasis, Mr. Winson Rei Dalida</PROJECT_LEADER>
<IMPLEMENTATION_START_DATE/>
<IMPLEMENTATION_END_DATE/>
<IMPLEMENTATION_FREQUENCY>Weekly</IMPLEMENTATION_FREQUENCY>
<DURATION>1 year</DURATION>
<TYPE_OF_ACTIVITY>Service Learning</TYPE_OF_ACTIVITY>
<FUNDING_AGENCY/>
<COST_OF_PARTICIPATION>cost</COST_OF_PARTICIPATION>
<UNIT_OF_BENEFICIARY>Organization</UNIT_OF_BENEFICIARY>
<TOTAL_NO_BENEF>5</TOTAL_NO_BENEF>
<MALE_BENEF_COUNT>2</MALE_BENEF_COUNT>
<FEMALE_BENEF_COUNT>3</FEMALE_BENEF_COUNT>
<COUNTRY>Philippines</COUNTRY>
<STATUS>Ongoing</STATUS>
<POST_ACT_EVAL_RATING>aaaa</POST_ACT_EVAL_RATING>
<REM>remarksszcx</REM>
<OFFICE_IN_CHARGE>UPD Population Institute
UPD Population Institute</OFFICE_IN_CHARGE>
<SUBJECT_AREA>Business Management and Economics
Engineering and Technology</SUBJECT_AREA>
<LIST_G_SUBJ>
<G_SUBJ>
<SUBJ_LINE_NO/>
<SUBJ_AREA>Business Management and Economics</SUBJ_AREA>
</G_SUBJ>
<G_SUBJ>
<SUBJ_LINE_NO/>
<SUBJ_AREA>Engineering and Technology</SUBJ_AREA>
</G_SUBJ>
</LIST_G_SUBJ>
<LIST_G_OBJ>
<G_OBJ>
<OBJ_CAT>To increase</OBJ_CAT>
<SPECIFICS>aa</SPECIFICS>
</G_OBJ>
<G_OBJ>
<OBJ_CAT>To decrease/reduce</OBJ_CAT>
<SPECIFICS>bb</SPECIFICS>
</G_OBJ>
</LIST_G_OBJ>
<LIST_G_MEMBER>
<G_MEMBER>
<FULL_NAME>Cervantes, Ms. Ecka Robles</FULL_NAME>
<POSITION>Jr System Analyst</POSITION>
<ORGANIZATION>UPS Goodbye eUP Project</ORGANIZATION>
<PROJECT_ROLE>Assistant 1</PROJECT_ROLE>
</G_MEMBER>
<G_MEMBER>
<FULL_NAME>Dizon, Mr. PJ Udarbe</FULL_NAME>
<POSITION>Software Developer</POSITION>
<ORGANIZATION>UPS Goodbye eUP Project</ORGANIZATION>
<PROJECT_ROLE>Assistant 2</PROJECT_ROLE>
</G_MEMBER>
<G_MEMBER>
<FULL_NAME>Non 88</FULL_NAME>
<POSITION>pos 1</POSITION>
<ORGANIZATION/>
<PROJECT_ROLE/>
</G_MEMBER>
<G_MEMBER>
<FULL_NAME>90 Non</FULL_NAME>
<POSITION>pos 2</POSITION>
<ORGANIZATION/>
<PROJECT_ROLE>yowyow</PROJECT_ROLE>
</G_MEMBER>
</LIST_G_MEMBER>
<LIST_G_OFFICE>
<G_OFFICE>
<OFFICE>UPD Population Institute</OFFICE>
<TEL_NO/>
<EMAIL_ADDRESS/>
</G_OFFICE>
</LIST_G_OFFICE>
</G_MAIN>
<G_MAIN>
<SEQUENCE_NO>1652</SEQUENCE_NO>
<CU>UP System</CU>
<PROJECT_NAME>working?</PROJECT_NAME>
<PROJECT_LEADER>Gasis, Mr. Winson Rei Dalida</PROJECT_LEADER>
<IMPLEMENTATION_START_DATE/>
<IMPLEMENTATION_END_DATE/>
<IMPLEMENTATION_FREQUENCY>Weekly</IMPLEMENTATION_FREQUENCY>
<DURATION>1 year</DURATION>
<TYPE_OF_ACTIVITY>Service Learning</TYPE_OF_ACTIVITY>
<FUNDING_AGENCY/>
<COST_OF_PARTICIPATION>cost</COST_OF_PARTICIPATION>
<UNIT_OF_BENEFICIARY>Individual</UNIT_OF_BENEFICIARY>
<TOTAL_NO_BENEF>5</TOTAL_NO_BENEF>
<MALE_BENEF_COUNT/>
<FEMALE_BENEF_COUNT/>
<COUNTRY/>
<STATUS>Ongoing</STATUS>
<POST_ACT_EVAL_RATING/>
<REM/>
<OFFICE_IN_CHARGE>UPD Population Institute</OFFICE_IN_CHARGE>
<SUBJECT_AREA>Education</SUBJECT_AREA>
<LIST_G_SUBJ>
<G_SUBJ>
<SUBJ_LINE_NO/>
<SUBJ_AREA>Education</SUBJ_AREA>
</G_SUBJ>
</LIST_G_SUBJ>
<LIST_G_OBJ>
<G_OBJ>
<OBJ_CAT>To increase</OBJ_CAT>
<SPECIFICS/>
</G_OBJ>
</LIST_G_OBJ>
<LIST_G_MEMBER>
<G_MEMBER>
<FULL_NAME>Gasis, Mr. Winson Rei Dalida</FULL_NAME>
<POSITION>Senior ICT Associate</POSITION>
<ORGANIZATION>UPS UP Information Technology Development Center</ORGANIZATION>
<PROJECT_ROLE/>
</G_MEMBER>
</LIST_G_MEMBER>
<LIST_G_OFFICE>
<G_OFFICE>
<OFFICE>UPD Population Institute</OFFICE>
<TEL_NO/>
<EMAIL_ADDRESS/>
</G_OFFICE>
</LIST_G_OFFICE>
</G_MAIN>
</LIST_G_MAIN>
</XXUPHRPSINST>